date,qid,name,revid,change
2026-10-10,Q141683229,Bocchetta Malgina,2555551519,Add country Italy and border description: the feature lies on the Swiss border
2026-10-10,Q141683232,Bocchetta da Valpiana,2555551530,Add country Italy and border description: the feature lies on the Swiss border
2026-10-10,Q141683233,Pizzo del Termine,2555551541,Add country Italy and border description: the feature lies on the Swiss border
2026-10-10,Q141683234,Pass dal Tremoggia,2555551553,Add country Italy and border description: the feature lies on the Swiss border
2026-10-10,Q141683238,Sella da Piz Cotschen,2555551562,Add country Italy and border description: the feature lies on the Swiss border
2026-10-10,Q141683239,Bochetta da Vartegna,2555551570,Add country Italy and border description: the feature lies on the Swiss border
2026-10-10,Q141683240,Passo di Saline,2555551578,Add country Italy and border description: the feature lies on the Swiss border
2026-10-10,Q141683242,Pass da Valüa,2555551585,Add country Italy and border description: the feature lies on the Swiss border
2026-10-10,Q141683244,Passo Guinzana,2555551590,Add country Italy and border description: the feature lies on the Swiss border
2026-10-10,Q141683251,Cima Sondrio,2555551596,Add country Italy and border description: the feature lies on the Swiss border
2026-10-10,Q141683253,Fuorcla Occidentale,2555551601,Add country Italy and border description: the feature lies on the Swiss border
2026-10-10,Q141683254,Fuorcla Orientale,2555551606,Add country Italy and border description: the feature lies on the Swiss border
2026-10-10,Q141683274,Bocchetta Cancano,2555551611,Add country Italy and border description: the feature lies on the Swiss border
2026-10-10,Q141683277,Fuorcla Val Mela,2555551618,Add country Italy and border description: the feature lies on the Swiss border
2026-10-10,Q141683302,Demmerahöhi,2555551620,"Country Liechtenstein instead of Switzerland, and description: the feature lies outside Switzerland"
2026-10-10,Q141683307,Bochetta da Braga,2555551625,Add country Italy and border description: the feature lies on the Swiss border
2026-10-10,Q141683309,Forcola di Sassiglion,2555551632,Add country Italy and border description: the feature lies on the Swiss border
2026-10-10,Q141683311,Bocchetta di Fora,2555551644,Add country Italy and border description: the feature lies on the Swiss border
2026-10-10,Q141683313,Fuorcla Crast'Agüzza,2555551648,Add country Italy and border description: the feature lies on the Swiss border
2026-10-10,Q141683314,Porta da Roseg,2555551653,Add country Italy and border description: the feature lies on the Swiss border
2026-10-10,Q141683315,Chapütschin da Naiv,2555551656,Add country Italy and border description: the feature lies on the Swiss border
2026-10-10,Q141683318,Fuorcla Scerscen-Bernina,2555551662,Add country Italy and border description: the feature lies on the Swiss border
2026-10-10,Q141683326,Pass da Sach,2555551665,Add country Italy and border description: the feature lies on the Swiss border
2026-10-10,Q141683335,Pass da Val Mera,2555551670,Add country Italy and border description: the feature lies on the Swiss border
2026-10-10,Q141683372,Passo di Val Paolaccia,2555551674,Add country Italy and border description: the feature lies on the Swiss border
2026-10-10,Q141683377,Fuorcla Costainas,2555551679,Add country Italy and border description: the feature lies on the Swiss border
2026-10-10,Q141683446,Fuorcla da Grian,2555551684,Add country Italy and border description: the feature lies on the Swiss border
2026-10-10,Q141683466,Fuorcla Buin,2555551691,Add country Austria and border description: the feature lies on the Swiss border
2026-10-10,Q141683481,Rote Furka,2555551698,Add country Austria and border description: the feature lies on the Swiss border
2026-10-10,Q141683493,Kronenjoch,2555551702,Add country Austria and border description: the feature lies on the Swiss border
2026-10-10,Q141683521,Schweizerlücke,2555551710,Add country Austria and border description: the feature lies on the Swiss border
2026-10-10,Q141683522,Hüenertällijoch,2555551717,Add country Austria and border description: the feature lies on the Swiss border
2026-10-10,Q141683523,Plattenjoch,2555551723,Add country Austria and border description: the feature lies on the Swiss border
2026-10-10,Q141683528,Teuf Furgga,2555551729,Add country Austria and border description: the feature lies on the Swiss border
2026-10-10,Q141683531,Kunterbandfurgga,2555551737,Add country Austria and border description: the feature lies on the Swiss border
2026-10-10,Q141683532,Heidelberger Scharte,2555551745,Add country Austria and border description: the feature lies on the Swiss border
2026-10-10,Q141683551,Fuorcla Roz,2555551750,Add country Austria and border description: the feature lies on the Swiss border
2026-10-10,Q141683557,Madrisajoch,2555551756,Add country Austria and border description: the feature lies on the Swiss border
2026-10-10,Q141683579,Viereggerpass,2555551767,Add country Austria and border description: the feature lies on the Swiss border
2026-10-10,Q141683580,Idjoch,2555551775,Add country Austria and border description: the feature lies on the Swiss border
2026-10-10,Q141683595,Flimjoch,2555551781,Add country Austria and border description: the feature lies on the Swiss border
2026-10-10,Q141683600,Westliches Visnitzjoch,2555551791,Add country Austria and border description: the feature lies on the Swiss border
2026-10-10,Q141683608,Cuolm d'Alp Bella,2555551799,Add country Austria and border description: the feature lies on the Swiss border
2026-10-10,Q141683614,Grüen Fürggli,2555551808,Add country Austria and border description: the feature lies on the Swiss border
2026-10-10,Q141683618,Eisjöchl,2555551821,Add country Austria and border description: the feature lies on the Swiss border
2026-10-10,Q141683626,Chanzeljoch,2555551831,Add country Austria and border description: the feature lies on the Swiss border
2026-10-10,Q141683638,Tälihöhi,2555551843,"Country Liechtenstein instead of Switzerland, and description: the feature lies outside Switzerland"
2026-10-10,Q141683647,Sassförkle,2555551852,"Country Liechtenstein instead of Switzerland, and description: the feature lies outside Switzerland"
2026-10-10,Q141683648,Schmelzikopf,2555551864,"Country Liechtenstein instead of Switzerland, and description: the feature lies outside Switzerland"
2026-10-10,Q141683649,Bargällasattel,2555551870,"Country Liechtenstein instead of Switzerland, and description: the feature lies outside Switzerland"
2026-10-10,Q141683650,Guschgfieljoch,2555551883,"Country Austria and Liechtenstein instead of Switzerland, and description: the feature lies outside Switzerland"
2026-10-10,Q141683651,Chemi,2555551894,"Country Liechtenstein instead of Switzerland, and description: the feature lies outside Switzerland"
2026-10-10,Q141683655,Gafleisattel,2555551906,"Country Liechtenstein instead of Switzerland, and description: the feature lies outside Switzerland"
2026-10-10,Q141683698,Pas de la Chaux des Rosées,2555551914,Add country France and border description: the feature lies on the Swiss border
2026-10-10,Q141683864,Passo della Cavegna,2555551924,Add country Italy and border description: the feature lies on the Swiss border
2026-10-10,Q141683868,Passo della Stella,2555551934,Add country Italy and border description: the feature lies on the Swiss border
2026-10-10,Q141683968,Bocchetta d'Arena,2555551943,Add country Italy and border description: the feature lies on the Swiss border
2026-10-10,Q141683983,Crös Cavörgn,2555551951,Add country Italy and border description: the feature lies on the Swiss border
2026-10-10,Q141684019,Mont de la Balme,2555551956,Add country Italy and border description: the feature lies on the Swiss border
2026-10-10,Q141684020,Col de Crête Sèche,2555551965,Add country Italy and border description: the feature lies on the Swiss border
2026-10-10,Q141684027,Col du Fourchon,2555551972,Add country Italy and border description: the feature lies on the Swiss border
2026-10-10,Q141684074,Bocchetta di Fiorèra,2555551978,Add country Italy and border description: the feature lies on the Swiss border
2026-10-10,Q141684190,Bocchetta del Nebion,2555551985,Add country Italy and border description: the feature lies on the Swiss border
2026-10-10,Q141684222,Bocchetta di Agnon,2555551990,Add country Italy and border description: the feature lies on the Swiss border
2026-10-10,Q141684225,Bocchetta di Caurit,2555551999,Add country Italy and border description: the feature lies on the Swiss border
2026-10-10,Q141684240,Bocchetta di Brumea,2555552010,Add country Italy and border description: the feature lies on the Swiss border
2026-10-10,Q141684241,Passo Streccione,2555552016,Add country Italy and border description: the feature lies on the Swiss border
2026-10-10,Q141684243,Passo di Pianca Bella,2555552023,Add country Italy and border description: the feature lies on the Swiss border
2026-10-10,Q141684272,Chumapass,2555552031,Add country Italy and border description: the feature lies on the Swiss border
2026-10-10,Q141684362,Col du Midi,2555552038,Add country France and border description: the feature lies on the Swiss border
2026-10-10,Q141684441,Bocchetta della Tegiola,2555552045,Add country Italy and border description: the feature lies on the Swiss border
2026-10-10,Q141684546,Aiguille de l'Amône,2555552050,Add country France and border description: the feature lies on the Swiss border
2026-10-10,Q141684550,Col d'Annibal,2555552054,Add country Italy and border description: the feature lies on the Swiss border
2026-10-10,Q141684551,Col Sud de Menouve,2555552060,Add country Italy and border description: the feature lies on the Swiss border
2026-10-10,Q141684553,Passo d'Antábia,2555552065,Add country Italy and border description: the feature lies on the Swiss border
2026-10-10,Q141684591,Col d'Epicoune,2555552072,Add country Italy and border description: the feature lies on the Swiss border
2026-10-10,Q141684592,Col d'Ayace,2555552080,Add country Italy and border description: the feature lies on the Swiss border
2026-10-10,Q141684598,Col d'Amiante,2555552090,Add country Italy and border description: the feature lies on the Swiss border
2026-10-10,Q141684667,Col méridional d'Aventine,2555552095,Add country Italy and border description: the feature lies on the Swiss border
2026-10-10,Q141684717,Seewjinenlücke,2555552105,Add country Italy and border description: the feature lies on the Swiss border
2026-10-10,Q141684813,Forcola de Strem,2555552114,Add country Italy and border description: the feature lies on the Swiss border
2026-10-10,Q141684933,Pas du Blattin,2555552121,Add country France and border description: the feature lies on the Swiss border
2026-10-10,Q141684994,Bocchetta Dermone,2555552132,Add country Italy and border description: the feature lies on the Swiss border
2026-10-10,Q141685023,Bocchetta del Fornale,2555552141,Add country Italy and border description: the feature lies on the Swiss border
2026-10-10,Q141685024,Cima Bové,2555552146,Add country Italy and border description: the feature lies on the Swiss border
2026-10-10,Q141685031,Passo di Bondo,2555552155,Add country Italy and border description: the feature lies on the Swiss border
2026-10-10,Q141685032,Passo del Ferro,2555552162,Add country Italy and border description: the feature lies on the Swiss border
2026-10-10,Q141685037,Col septentrional d'Aventine,2555552166,Add country Italy and border description: the feature lies on the Swiss border
2026-10-10,Q141685038,Passo del Büsin,2555552174,Add country Italy and border description: the feature lies on the Swiss border
2026-10-10,Q141685039,Passo d'Andolla,2555552179,Add country Italy and border description: the feature lies on the Swiss border
2026-10-10,Q141685040,Steinchalchlücke,2555552186,Add country Italy and border description: the feature lies on the Swiss border
2026-10-10,Q141685044,Colle dei Gemelli,2555552192,Add country Italy and border description: the feature lies on the Swiss border
2026-10-10,Q141685061,Col de Cuboré,2555552203,Add country France and border description: the feature lies on the Swiss border
2026-10-10,Q141685062,Col de Bassachaux,2555552214,Add country France and border description: the feature lies on the Swiss border
2026-10-10,Q141685082,La Pointe des Rayons de la Madeleine,2555552224,Add country Italy and border description: the feature lies on the Swiss border
2026-10-10,Q141685086,Col Est de Barasson,2555552234,Add country Italy and border description: the feature lies on the Swiss border
2026-10-10,Q141685095,Col Est de Blanchen,2555552241,Add country Italy and border description: the feature lies on the Swiss border
2026-10-10,Q141685100,Col du Mont Brulé,2555552254,Add country Italy and border description: the feature lies on the Swiss border
2026-10-10,Q141685101,Col Tournenche,2555552265,Add country Italy and border description: the feature lies on the Swiss border
2026-10-10,Q141685102,Colle del Leone,2555552275,Add country Italy and border description: the feature lies on the Swiss border
2026-10-10,Q141685106,Col du Capucin,2555552296,Add country Italy and border description: the feature lies on the Swiss border
2026-10-10,Q141685110,Tête Blanche de By,2555552304,Add country Italy and border description: the feature lies on the Swiss border
2026-10-10,Q141685114,Tête de Balme,2555552315,Add country Italy and border description: the feature lies on the Swiss border
2026-10-10,Q141685117,Col du Chardoney,2555552323,Add country Italy and border description: the feature lies on the Swiss border
2026-10-10,Q141685118,Col de la Rayette,2555552335,Add country Italy and border description: the feature lies on the Swiss border
2026-10-10,Q141685121,La Pointe de Moline,2555552345,Add country Italy and border description: the feature lies on the Swiss border
2026-10-10,Q141685123,Mont Tunnel,2555552353,Add country Italy and border description: the feature lies on the Swiss border
2026-10-10,Q141685132,Al Pass da Porcarésc,2555552360,Add country Italy and border description: the feature lies on the Swiss border
2026-10-10,Q141685133,Bocchetta di Medaro,2555552371,Add country Italy and border description: the feature lies on the Swiss border
2026-10-10,Q141685136,Mittelberg,2555552377,Add country Italy and border description: the feature lies on the Swiss border
2026-10-10,Q141685141,Bocchetta del Lago,2555552381,Add country Italy and border description: the feature lies on the Swiss border
2026-10-10,Q141685163,Bocheta de Braghecc,2555552382,Add country Italy and border description: the feature lies on the Swiss border
2026-10-10,Q141685165,Bocchetta di Mogna,2555552385,Add country Italy and border description: the feature lies on the Swiss border
2026-10-10,Q141685166,Bocchetta di Portola,2555552392,Add country Italy and border description: the feature lies on the Swiss border
2026-10-10,Q141685168,Bocchetta de Sambrog,2555552396,Add country Italy and border description: the feature lies on the Swiss border
2026-10-10,Q141685169,Pass d'Arsa,2555552405,Add country Italy and border description: the feature lies on the Swiss border
2026-10-10,Q141685170,Cantone di Strem,2555552414,Add country Italy and border description: the feature lies on the Swiss border
2026-10-10,Q141685171,Bocchetta de Setag,2555552425,Add country Italy and border description: the feature lies on the Swiss border
2026-10-10,Q141685173,Bocchetta de Lenden,2555552431,Add country Italy and border description: the feature lies on the Swiss border
2026-10-10,Q141685175,Porton del Pombi,2555552440,Add country Italy and border description: the feature lies on the Swiss border
2026-10-10,Q141685177,Bocchetta del Pombi,2555552446,Add country Italy and border description: the feature lies on the Swiss border
2026-10-10,Q141685179,Sella del Ferrè,2555552454,Add country Italy and border description: the feature lies on the Swiss border
2026-10-10,Q141685181,Pass de Val Loga,2555552462,Add country Italy and border description: the feature lies on the Swiss border
2026-10-10,Q141685197,Passo della Pezza,2555552467,Add country Italy and border description: the feature lies on the Swiss border
2026-10-10,Q141685211,Becca Picion,2555552473,Add country Italy and border description: the feature lies on the Swiss border
2026-10-10,Q141685405,Rotfluelücke,2555552483,Add country Austria and border description: the feature lies on the Swiss border
2026-10-10,Q141685406,Gemsbleissattel,2555552488,Add country Austria and border description: the feature lies on the Swiss border
2026-10-10,Q141685409,Inner Viderjoch,2555552494,Add country Austria and border description: the feature lies on the Swiss border
2026-10-10,Q141685426,Fuorcla da l'Argient,2555552501,Add country Italy and border description: the feature lies on the Swiss border
2026-10-10,Q141685427,Sella del Forno,2555552512,Add country Italy and border description: the feature lies on the Swiss border
2026-10-10,Q141685468,Felikhorn,2555552517,Add country Italy and border description: the feature lies on the Swiss border
2026-10-10,Q141685576,Tête de Riondet,2555552522,Add country Italy and border description: the feature lies on the Swiss border
2026-10-10,Q141685914,Bochetta da Valalta,2555552531,Add country Italy and border description: the feature lies on the Swiss border
2026-10-10,Q141685927,Pizzo Ferrè,2555552539,Add country Italy and border description: the feature lies on the Swiss border
2026-10-10,Q141685941,Selle du Sonadon,2555552546,Add country Italy and border description: the feature lies on the Swiss border
2026-10-10,Q141685942,Col Ouest de Blanchen,2555552549,Add country Italy and border description: the feature lies on the Swiss border
2026-10-10,Q141685943,Pass de Chaudin,2555552558,Add country France and border description: the feature lies on the Swiss border
2026-10-10,Q141685945,Col du Trou,2555552565,Add country France and border description: the feature lies on the Swiss border
2026-10-10,Q141685948,Col du Sassey,2555552570,Add country France and border description: the feature lies on the Swiss border
