time,kind,qid,uuid,name,revid,changes
2026-10-08T08:54:12Z,edit,Q1374,{168481A3-A3CE-48F9-AA88-71CF2D04C719},Mont Cervin,2554957962,source for height; source for position; names in other languages (it alias); official name
2026-10-08T08:54:16Z,edit,Q3403,{08E740C3-11A3-4605-828C-72219586FECF},Punta Dufour,2554958015,source for position; official name
2026-10-08T08:54:20Z,edit,Q4425,{5BE294B0-910F-4DA3-BECD-201FB42320E3},Eiger,2554958060,source for height; source for position; default label; official name
2026-10-08T08:54:23Z,edit,Q14375,{0C3846CB-BA8A-4491-91B6-4D9744480D89},Neuenburgersee,2554958104,source for height; official name
2026-10-08T08:54:27Z,edit,Q14436,{273EED3E-0375-4B29-8804-AAFD86FB6CCB},Lai da Zug,2554958126,official name
2026-10-08T08:54:30Z,edit,Q14442,{F427C5A5-469C-4602-A93A-E69821F0232C},Brienzersee,2554958144,source for height; default label; official name
2026-10-08T08:54:34Z,edit,Q14444,{FCEFD879-578D-4F19-9F0A-8C520E1EDBFC},Lai Rivaun,2554958158,official name
2026-10-08T08:54:38Z,edit,Q14448,{C9ECABE6-63BC-4D13-9E61-3B113B28EBA4},Lai da Murten,2554958173,source for height; official name
2026-10-08T08:54:41Z,edit,Q14459,{3835FA8C-2976-4C56-A488-F2BBEE2A400C},Lai da Sempach,2554958197,source for height; official name
2026-10-08T08:54:45Z,edit,Q14465,{38D521AA-062A-46B5-8BC6-6B131853ED32},Hallwilersee,2554958222,source for height; default label; official name
2026-10-08T08:54:48Z,edit,Q14472,{F86B2ACC-8B0E-4298-B5C6-A99CB4900253},Lac de Joux,2554958248,default label; official name
2026-10-08T08:54:53Z,edit,Q14482,{3403DFF1-8112-4CE1-A448-E0E7ED88FEBE},Lac Brenet,2554958278,default label; official name
2026-10-08T08:54:57Z,edit,Q14497,{79C80F2D-EE5F-4C4B-AF6D-B90B5BFA6C2F},Greifensee,2554958299,source for height; default label; official name
2026-10-08T08:55:00Z,edit,Q14505,{CFCC6B03-7B62-4CAD-A9E4-821BAC71BCB6},Sarnersee,2554958333,source for height; official name
2026-10-08T09:04:05Z,edit,Q14507,{3F6016D4-31C5-46AD-B03B-55B0A1A9096C},Ägerisee,2554960793,default label; official name
2026-10-08T09:04:09Z,edit,Q14509,{8339CF17-7DEA-46FD-81B4-B383984673E3},Baldeggersee,2554960835,source for height; default label; official name
2026-10-08T09:04:12Z,edit,Q14512,{AFBE862F-4F5E-4735-A1E4-65D15E30906B},Silsersee,2554960877,official name
2026-10-08T09:04:16Z,edit,Q14514,{217792E5-F944-4D21-A92B-0CBBC8BAFEE3},Pfäffikersee,2554960924,source for height; default label; official name
2026-10-08T09:04:19Z,edit,Q14515,{2F803E53-D5B8-41B3-82AF-D2D27DF9B2E0},Silvaplanersee,2554960965,official name
2026-10-08T09:04:23Z,edit,Q14518,{F89AAE4C-1384-41DB-856C-D262DB02EEC2},Lauerzersee,2554961010,source for height; default label; official name
2026-10-08T09:04:27Z,edit,Q14527,{D4CBD7A5-E953-422A-A48B-5DBA0970639F},Lungerersee,2554961040,default label; official name
2026-10-08T09:04:30Z,edit,Q14531,{2FDAA7C3-76F1-49E9-8CB6-FCACAE006AE4},Lago di Poschiavo,2554961074,default label; official name
2026-10-08T09:04:34Z,edit,Q14533,{1F5F90CC-8D7E-4FF3-97EA-3FAA1E37DE61},Oeschinensee,2554961107,source for position; default label; official name
2026-10-08T09:04:37Z,edit,Q15117,{F231B77C-926D-4B70-ACD4-9CD898D8AFFB},Dom,2554961142,source for height; swisstopo position (preferred); default label; official name
2026-10-08T09:04:41Z,edit,Q15122,{72E86FA4-97EB-4213-8A16-48B9EC00B90F},Weisshorn,2554961170,source for height; source for position; default label; official name
2026-10-08T09:04:45Z,edit,Q15125,{CE8C4875-0D21-4799-9F0D-E54A69888C26},Dent Blanche,2554961184,source for height; source for position; default label; official name
2026-10-08T09:04:48Z,edit,Q15127,{3A02A5B9-B403-4798-B1EE-1E9FD339EAE2},Finsteraarhorn,2554961206,source for height; source for position; official name
2026-10-08T09:04:52Z,edit,Q15128,{9FCE350F-E19E-459E-8224-FC37AA87A2E4},Zinalrothorn,2554961219,source for height; source for position; default label; official name
2026-10-08T09:04:55Z,edit,Q15130,{F35D2F7F-390A-4F8F-B8BC-B2FD30614DB6},Alphubel,2554961236,source for position; default label; official name
2026-10-08T09:04:59Z,edit,Q15132,{7F596647-EAFC-40D0-A1D2-8817418B4D3A},Piz Bernina,2554961253,source for height; source for position; official name
2026-10-08T09:05:02Z,edit,Q15133,{60011C23-7D04-45F3-905A-9589FBF77FA4},Dammastock,2554961283,source for height; source for position; official name
2026-10-08T09:05:06Z,edit,Q15134,{3AD8948B-6643-47D7-B890-319C7BEE77E3},Piz Russein,2554961304,source for height; source for position; official name
2026-10-08T09:05:09Z,edit,Q15135,{199F7E2C-D65E-4AE3-A542-9A7EF5331CAF},Rheinwaldhorn,2554961328,source for height; source for position; official name
2026-10-08T09:05:13Z,edit,Q15137,{7D65BAA4-D010-4440-BDA1-437516599CCC},Ringelspitz,2554961370,source for height; swisstopo position (preferred); names in other languages (rm label); official name
2026-10-08T09:05:17Z,edit,Q15138,{D7A6353E-8591-45A9-93A6-52F7437C3924},Titlis,2554961419,source for height; source for position; official name
2026-10-08T09:05:20Z,edit,Q15140,{F02CB431-4272-45F7-ACE0-590F8C409F49},Rotstöckli,2554961472,source for height; source for position; official name
2026-10-08T09:05:24Z,edit,Q15141,{F62AE9F9-9BF0-4905-880F-C8849F2E104D},Bös Fulen,2554961516,source for height; source for position; official name
2026-10-08T09:05:27Z,edit,Q15224,{7F9E6D76-E6BB-4176-9A1B-28C7648BEAAC},Säntis,2554961571,source for position; official name
2026-10-08T09:05:31Z,edit,Q15225,{976590D5-4660-441E-A1E3-64207A6135B7},Vanil Noir,2554961617,source for height; source for position; official name
2026-10-08T09:05:35Z,edit,Q15226,{0CA54100-88AB-40A4-A7A7-4CD98AAFDE2F},Brienzer Rothorn,2554961636,source for position; official name
2026-10-08T09:05:38Z,edit,Q15229,{BC731EEB-4F84-4874-93C2-A5917B0E622D},Chasseral,2554961656,source for height; source for position; default label; official name
2026-10-08T09:05:42Z,edit,Q15230,{CECA1792-C99F-4466-AF81-BED755B6501C},Hasenmatt,2554961675,source for height; source for position; official name
2026-10-08T09:05:45Z,edit,Q15231,{9DD99285-A2E4-4D3D-AA16-292A8A8EEAE0},Mont Raimeux,2554961693,source for height; swisstopo position (preferred); official name
2026-10-08T09:05:49Z,edit,Q15232,{6438CAAA-9D23-4CA9-AC8D-733EE592E929},Schnebelhorn,2554961712,source for height; source for position; official name
2026-10-08T09:05:52Z,edit,Q15233,{695DF543-CDE4-4778-B934-9EF869BE4A10},Hinderi Egg,2554961727,source for height; source for position; official name
2026-10-08T09:05:56Z,edit,Q15234,{E6F9CF21-52BC-4AC6-9647-E57A8324269D},Groot,2554961741,source for height; source for position; default label; official name
2026-10-08T09:05:59Z,edit,Q15239,{573469A9-B239-4600-9BB5-50D3EFEFBBD0},Geissflue,2554961750,source for height; source for position; default label; official name
2026-10-08T09:06:03Z,edit,Q15240,{79988F0C-72F6-44DC-B56F-E4BA989F473A},St. Chrischona,2554961756,source for height; source for position; official name
2026-10-08T09:06:07Z,edit,Q15241,{D2727888-7CBF-452E-9B4F-97C3AE03AAA2},Schesaplana,2554961776,source for height; source for position; rm label; official name
2026-10-08T09:06:10Z,edit,Q15249,{CFA6D1DA-2C61-4357-B19C-D96FD01DE2DF},Wildhorn,2554961805,source for height; source for position; default label; official name
2026-10-08T09:06:14Z,edit,Q15258,{A622C427-F135-464F-AAA7-22C7DEE26AAD},Lägern,2554961830,source for height; swisstopo position (preferred); default label; official name
2026-10-08T09:06:18Z,edit,Q15261,{EA08AF47-A324-4208-BD79-4D52A0736D1D},Pizzo Tambo,2554961864,source for position; default label; official name
2026-10-08T09:06:21Z,edit,Q15263,{C70D38DB-72A0-4111-9901-1B44E12C33E4},Pizzo Campo Tencia,2554961895,source for position; default label; official name
2026-10-08T09:06:25Z,edit,Q15267,{4A24E3AC-5049-4AAC-B86E-EE8D13584B09},Tomlishorn,2554961930,source for height; source for position; default label; official name
2026-10-08T09:06:28Z,edit,Q15268,{994749F9-5AE1-495A-9191-7952E95DCFB5},Bruschghorn,2554961965,source for position; default label; official name
2026-10-08T09:06:32Z,edit,Q15271,{5C2EF4F8-9B6F-4098-B4B8-C95D96DFF2B4},Calvagione,2554961999,source for height; swisstopo position (preferred); official name
2026-10-08T09:06:35Z,edit,Q15283,{56FCF7E1-6D97-4CDC-9755-15F67B2F07D6},Pfannenstiel,2554962042,source for height; source for position; default label; official name
2026-10-08T09:06:39Z,edit,Q15285,{890A7641-D04A-4E7A-B89B-85D8C419C9D2},Monte Tamaro,2554962076,source for position; default label; official name
2026-10-08T09:06:42Z,edit,Q15286,{6477A4F2-3C43-426D-9060-05C439EB5FEE},Wildstrubel,2554962110,source for height; source for position; default label; official name
2026-10-08T09:06:46Z,edit,Q15289,{5A215923-3AE0-4258-8291-BD6B7BE222B6},Bietschhorn,2554962145,source for height; swisstopo position (preferred); default label; official name
2026-10-08T09:06:49Z,edit,Q15293,{7D753637-8905-4560-AE05-4A9B37E32F3F},Aletschhorn,2554962164,source for height; source for position; default label; official name
2026-10-08T09:06:53Z,edit,Q15294,{31E6DAD9-229E-4FAC-B7B6-8DC0F9071D19},Balmhorn,2554962181,source for height; source for position; default label; official name
2026-10-08T09:06:57Z,edit,Q15295,{AB34CE23-23EB-4F3C-B88C-1ABEED9039BC},Piz Tgietschen,2554962195,source for height; source for position; rm label; official name
2026-10-08T09:07:00Z,edit,Q15296,{3F4BAFBA-6D3B-45E5-85DE-B4ED3746EE5D},Monte Leone,2554962211,source for height; source for position; default label; official name
2026-10-08T09:07:04Z,edit,Q15297,{AB16EB7A-3D47-4EAA-8120-78352CDDAB56},Piz Fess,2554962230,swisstopo height (preferred); swisstopo position (preferred); default label; rm label; official name
2026-10-08T09:07:07Z,edit,Q15299,{C36092B1-4571-42D9-9ED2-FC5A2E877DAE},Napf,2554962264,swisstopo position (preferred); default label; official name
2026-10-08T09:07:11Z,edit,Q15300,{16A682F0-16D6-4FD1-83D4-352CE674AACF},Hausstock,2554962288,source for height; source for position; default label; official name
2026-10-08T09:07:14Z,edit,Q15302,{340EE9FF-7582-4622-A4CE-47AA1BA70304},Stockhorn,2554962310,source for height; source for position; default label; official name
2026-10-08T09:07:18Z,edit,Q15303,{840CA6B7-A708-4B9C-B5FA-6E0A24A9028C},Tweralpspitz,2554962342,swisstopo position (preferred); default label; official name
2026-10-08T09:07:22Z,edit,Q15304,{C1E3027A-A083-4B81-9C58-A86A53AB4826},Hochwang,2554962373,source for position; default label; official name
2026-10-08T09:07:26Z,edit,Q15308,{C868226E-0E4A-472A-86A8-B64E68B3C416},Speer,2554962398,source for height; source for position; default label; official name
2026-10-08T09:07:29Z,edit,Q15310,{19E850CF-9E46-4BC6-8C8B-C3BECA7969B9},Piz Curvér,2554962429,source for height; source for position; default label; rm label; official name
2026-10-08T09:07:33Z,edit,Q15312,{90746569-C677-4C73-9252-35B8CE95A3CE},Jungfrau,2554962458,source for height; source for position; default label; official name
2026-10-08T09:07:37Z,edit,Q16519,{36364A85-6983-4AB4-AFA3-1AA430BC532F},Schinberg,2554962494,source for position; default label; official name
2026-10-08T09:07:41Z,edit,Q16522,{703B796F-B2D7-470A-ADB1-83E02C9C8042},Basòdino,2554962525,source for position; default label; official name
2026-10-08T09:07:44Z,edit,Q16524,{6B98A3B5-4EDB-4586-8CA6-B11373B89CC7},Uetliberg,2554962552,swisstopo position (preferred); default label; official name
2026-10-08T09:07:48Z,edit,Q16525,{C5ECA227-5D99-4A1C-8F5B-166EFB73A0E4},Mönch,2554962569,source for position; default label; official name
2026-10-08T09:07:51Z,edit,Q16527,{F3BBC26C-0E6B-40C8-9CD6-EECB45195AC0},Sustenhorn,2554962598,source for position; default label; official name
2026-10-08T09:07:55Z,edit,Q16529,{A97E96CB-38D0-4499-B872-032F913BFC21},Haldensteiner Calanda,2554962627,source for position; default label; official name
2026-10-08T09:07:58Z,edit,Q16530,{6B20DE5A-CB3B-409C-91A5-B220BA24294B},Gross Schärhorn,2554962663,source for position; default label; official name
2026-10-08T09:08:02Z,edit,Q16531,{4DF8614B-7113-490C-8833-53C5C4D90735},Piz Ela,2554962687,source for position; rm label; official name
2026-10-08T09:08:05Z,edit,Q16534,{92E487B5-68FB-4751-A99F-764C3FC85AAD},Camoghè,2554962703,source for height; source for position; default label; official name
2026-10-08T09:08:09Z,edit,Q16535,{BA50BC63-6796-4FFA-BEBB-3FCB8899A54F},Gross Aubrig,2554962728,source for height; source for position; default label; official name
2026-10-08T09:08:12Z,edit,Q16537,{62ACD295-275C-4E74-BBBC-11BCD07A5E54},Rautispitz,2554962746,source for height; source for position; default label; official name
2026-10-08T09:08:16Z,edit,Q16539,{88C05345-950F-49CF-8F18-C3874ADE7218},Schreckhorn,2554962783,source for height; source for position; default label; official name
2026-10-08T09:08:20Z,edit,Q16540,{70CA695B-B199-4933-8FB4-123BFB5FE4FF},Breithorn,2554962810,source for height; source for position; default label; official name
2026-10-08T09:08:23Z,edit,Q16541,{2A604927-4E95-4206-9DF8-85FBB98B39BF},Nesthorn,2554962836,source for height; source for position; default label; official name
2026-10-08T09:08:27Z,edit,Q16544,{30FAA255-0DDD-4598-B324-4FAFE4A07F2B},Hundwiler Höhi,2554962869,source for position; default label; official name
2026-10-08T09:08:30Z,edit,Q16545,{7CA9EE7A-F591-4D77-A164-F7A18F50ADEA},Piz Beverin,2554962897,source for position; default label; official name
2026-10-08T09:08:34Z,edit,Q16546,{DA7E8CCE-698F-47D6-A346-FDCEEF13E69B},Badus,2554962931,source for height; source for position; rm label; official name
2026-10-08T09:08:38Z,edit,Q16549,{DCEA05A2-F3AE-4321-B1D4-084DA22CA4CF},Piz Surlej,2554962968,source for height; source for position; default label; rm label; official name
2026-10-08T09:08:38Z,edit,Q16550,{B10015A9-C530-4D32-B4AE-55700293CF17},Breithorn,,
2026-10-08T09:08:41Z,edit,Q16585,{664108FC-9FC5-4C0D-9DD5-CFC8FFF384E2},Gäbris,2554963002,source for position; default label; official name
2026-10-08T09:08:45Z,edit,Q16586,{4B3FE93A-8583-453B-A92D-4F7BA02B153E},Le Moléson,2554963038,source for height; source for position; official name
2026-10-08T09:08:48Z,edit,Q16588,{90757B6D-5925-4C23-9E6A-6EAC4FBD2FBA},Grosser Piz Buin,2554963072,source for height; source for position; names in other languages (rm alias); official name
2026-10-08T09:08:52Z,edit,Q16589,{4903C4EF-92A6-45F1-8561-EF346787752C},Bachtel,2554963102,source for height; source for position; default label; official name
2026-10-08T09:08:56Z,edit,Q16590,{5098AE9D-3437-40C4-9425-F2E6DBC74040},Ortstock,2554963124,source for height; source for position; default label; official name
2026-10-08T09:08:59Z,edit,Q16592,{CAA42DF6-7EB1-4985-AF87-711F1A1DEB79},Brünnelistock,2554963157,source for height; source for position; default label; official name
2026-10-08T09:09:02Z,edit,Q16612,{7AB797D2-E65D-4716-950B-D58FE761072D},Piz Daint,2554963184,source for height; source for position; default label; rm label; official name
2026-10-08T09:09:06Z,edit,Q16613,{F15FF30B-32B0-4B20-910B-A98727CA7BC8},Stanserhorn,2554963205,source for height; source for position; default label; official name
2026-10-08T09:10:32Z,edit,Q16614,{6743D0B1-BB0B-4BC6-9971-D2399EC75A31},Gross Windgällen,2554963889,source for height; source for position; default label; official name
2026-10-08T09:10:36Z,edit,Q16615,{6A0FAC77-000D-4EE0-9C81-CD4B89279B49},Brisen,2554963912,source for height; source for position; default label; official name
2026-10-08T09:10:40Z,edit,Q16616,{6BA40480-BF72-49F8-94C7-3470C70CBB94},Born,2554963952,source for height; source for position; default label; official name
2026-10-08T09:10:43Z,edit,Q16617,{9B5F2953-B0BB-48BF-8E89-2168E0536E50},Piz Terri,2554963987,source for height; source for position; default label; official name
2026-10-08T09:10:47Z,edit,Q16629,{993502A2-2EE4-4A24-9651-7D3B5ACD67CB},Oberbauenstock,2554964023,source for height; source for position; default label; official name
2026-10-08T09:10:50Z,edit,Q16630,{64E0E540-51D7-4D20-8EB3-EF27D0915FBB},Piz Varuna,2554964052,source for height; source for position; default label; official name
2026-10-08T09:10:54Z,edit,Q16631,{BCC1E005-8BC3-4CFE-9ABE-B9A7CC42DA2D},Piz Segnas,2554964083,source for height; source for position; default label; rm label; official name
2026-10-08T09:10:57Z,edit,Q16633,{6B41C501-6350-49E0-82EA-F720CFC263A5},Gonzen,2554964108,source for height; source for position; default label; official name
2026-10-08T09:11:01Z,edit,Q16634,{C4B5850C-BB89-4AA9-BCD0-1F22DB35365A},Piz Forbesch,2554964129,source for height; source for position; default label; official name
2026-10-08T09:12:12Z,edit,Q16646,{286F3918-45E1-41FD-A16E-42601B2A99FB},Hoher Kasten,2554964510,source for height; source for position; default label; official name
2026-10-08T09:12:15Z,edit,Q16647,{223D7E30-256C-4017-8320-D26852C9A074},Doldenhorn,2554964562,source for height; source for position; default label; official name
2026-10-08T09:12:19Z,edit,Q16649,{227C4631-BAFE-4064-8887-DDF13723A05F},Clariden,2554964603,source for height; source for position; default label; official name
2026-10-08T09:12:22Z,edit,Q16650,{23078C3B-DD24-47D5-8400-4E7917E19BAA},Lagginhorn,2554964644,source for height; source for position; default label; official name
2026-10-08T09:12:26Z,edit,Q16651,{E87A9F95-2128-46AF-95DB-E26BBA470FAC},Furggelenstock,2554964681,source for position; default label; official name
2026-10-08T09:12:29Z,edit,Q16652,{0FE7DF21-6D34-43F9-AA5B-3C014505A810},Gspaltenhorn,2554964719,source for height; source for position; default label; official name
2026-10-08T09:12:33Z,edit,Q16653,{C8BDEDB1-A6FC-4681-B40F-9CD667E820F5},Le Rubli,2554964747,source for position; default label; official name
2026-10-08T09:12:36Z,edit,Q16654,{AEDA0107-86C9-484D-8E82-4A76353B5F08},Rienzenstock,2554964778,source for position; default label; official name
2026-10-08T09:12:40Z,edit,Q16655,{FABEF0EF-E5F2-4426-BBB4-FE7359351299},Regitzer Spitz,2554964802,source for position; default label; official name
2026-10-08T09:12:43Z,edit,Q16656,{120D3412-2C94-4A1E-9DCF-CAB0AD67243C},Etzel,2554964830,source for position; default label; official name
2026-10-08T09:12:46Z,edit,Q16657,{2A2D9705-F4AF-4F40-9E59-EAC81F37C1EB},Bifertenstock,2554964858,swisstopo position (preferred); names in other languages (rm label); official name
2026-10-08T09:12:50Z,edit,Q16658,{3703491E-3D9D-4532-90A5-130F0D6AD158},Piz Sezner,2554964886,source for position; default label; rm label; official name
2026-10-08T09:12:53Z,edit,Q16659,{132A0348-D375-4066-9D3F-E78D991C0D31},Hahnen,2554964905,source for height; source for position; default label; official name
2026-10-08T09:12:57Z,edit,Q16660,{CDC28226-139E-405D-A207-6FF5A44DB92C},Alvier,2554964937,source for position; default label; official name
2026-10-08T09:13:00Z,edit,Q16667,{248E42D3-5BA5-4322-B3FB-EC3B491458C2},Fronalpstock,2554964956,source for height; swisstopo position (preferred); default label; official name
2026-10-08T09:32:08Z,edit,Q16668,{3C96C67F-9352-43BC-964E-2A0616EE1CFC},Dreieckhorn,2554969767,source for height; source for position; default label; official name
2026-10-08T09:32:11Z,edit,Q16670,{DA166A94-16A7-4560-A78E-C38E2E0C5897},Morgenberghorn,2554969797,source for height; source for position; default label; official name
2026-10-08T09:32:15Z,edit,Q16672,{1266DC66-C227-465F-ABA7-6EF1B15C3DF0},Altmann,2554969832,source for height; source for position; default label; official name
2026-10-08T09:32:18Z,edit,Q16674,{9C04A58D-7FE9-4D8D-9DA3-ADB398B27BB9},Piz Zupò,2554969871,source for height; source for position; default label; rm label; official name
2026-10-08T09:32:22Z,edit,Q16681,{DEE959CC-93D0-40E1-ABC9-70F707C15914},Fähnerenspitz,2554969904,source for height; source for position; default label; official name
2026-10-08T09:32:25Z,edit,Q16688,{40507B02-4673-4367-89EA-4C84EA664C44},Silvrettahorn,2554969931,source for position; official name
2026-10-08T09:32:29Z,edit,Q16693,{CC2B977F-0680-421E-B00D-D5C7755BC69C},Niesen,2554969957,source for height; source for position; default label; official name
2026-10-08T09:32:32Z,edit,Q16708,{CC1C3612-C6A0-49F7-99FA-4ABE3497CD58},Wissigstock,2554969988,source for height; source for position; default label; official name
2026-10-08T09:32:36Z,edit,Q16712,{1B5AAA2D-4529-4EEA-A9CF-2045804FD308},Piz Nair,2554970016,source for height; swisstopo position (preferred); default label; rm label; official name
